Subject,Topic,Example,Codes
Computer Science,CS 1114 – Intro to Software Design,"In this chapter, we explore the practical application of software design principles through a real-world case study: developing a mobile app for weather forecasting. Students will learn about current technologies such as React Native and Firebase, which are used by professional developers worldwide. Ethical considerations arise when designing user interfaces that should not only be functional but also accessible to all users, including those with disabilities. Additionally, students will discuss the limitations of existing machine learning algorithms in accurately predicting weather patterns, given the complexity and variability of atmospheric conditions. These discussions highlight ongoing research efforts aimed at improving predictive models.","PRAC,ETH,UNC"
Computer Science,CS 1114 – Intro to Software Design,"In this chapter, we explore practical design processes through a case study of developing a web application for an online marketplace. Students learn to apply software design principles in real-world contexts by integrating frameworks such as React and Django. The project requires adherence to professional standards, including secure coding practices, user experience (UX) design guidelines, and responsive web design principles. By leveraging current technologies like Docker for containerization, students gain hands-on experience with deployment strategies that ensure reliability and scalability. This exercise not only enhances technical skills but also emphasizes the importance of following best practices in software development.",PRAC
Computer Science,CS 1114 – Intro to Software Design,[],MATH
Computer Science,CS 1114 – Intro to Software Design,"In developing a robust software solution for managing inventory systems, we must first break down the problem into smaller, manageable components. This process involves identifying key functionalities such as product tracking, order management, and supply chain integration. Each component is then designed with specific algorithms that optimize performance while ensuring data integrity. For instance, when implementing product tracking, we use a binary search algorithm to efficiently locate products within large databases. The design of this system also necessitates careful consideration of user interface (UI) elements, such as input fields and display options, which must be intuitive and responsive. By following these systematic steps, students learn how to approach complex software projects methodically and effectively.",PRO
Computer Science,CS 1114 – Intro to Software Design,"The validation of software design principles, such as modularity and abstraction, is an ongoing process that relies on empirical evidence from real-world applications. For instance, the evolution of modular design in software has been driven by the need for maintainability and scalability. However, the choice between monolithic and microservices architectures remains a subject of debate, with each approach having its own set of trade-offs. Research continues to explore new paradigms that could potentially offer more robust solutions.","EPIS,UNC"
Computer Science,CS 1114 – Intro to Software Design,"In the evolution of software design, the shift from procedural to object-oriented programming represents a significant milestone. This transition parallels the broader shift in computing paradigms from hardware-centric to application-centric approaches. Object-oriented principles, such as encapsulation and inheritance, enable more modular and reusable code, aligning with modern software development practices. These concepts are not only foundational for understanding contemporary programming languages like Java or Python but also bridge the gap between computer science theory and practical applications in fields such as artificial intelligence and data science.","INTER,CON,HIS"
Computer Science,CS 1114 – Intro to Software Design,"In this chapter, we delve into the core theoretical principles of software design, particularly focusing on the concept of modularity and how it enhances maintainability and scalability. The module pattern in JavaScript, for instance, is a powerful tool that encapsulates code within self-contained units, promoting better organization. We will explore the mathematical foundation behind modular design through an example where we derive the time complexity for a recursive function implementing this pattern. Through practical exercises, you'll apply these principles to refactor existing codebases, ensuring they adhere to best practices in software engineering.","CON,MATH,PRO"
Computer Science,CS 1114 – Intro to Software Design,"In software design, understanding the principles of abstraction is crucial for managing complexity in large systems (CON). For instance, when designing a real-time traffic management system, engineers must consider the hierarchical layers of abstraction that range from low-level hardware interactions to high-level user interfaces. This approach allows for modular and maintainable code, where changes in one layer can be isolated without affecting others (PRO). Abstraction also enables the use of well-established design patterns such as observer or decorator, which facilitate efficient communication between components and support dynamic behavior modifications (DEF1, PRO, PRAC).","CON,PRO,PRAC"
Computer Science,CS 1114 – Intro to Software Design,"In this chapter, we explore practical application of software design principles in real-world contexts. For instance, consider a mobile app development project where the team must adhere to ethical guidelines and professional standards. They need to ensure user privacy by implementing strong data encryption methods (e.g., AES-256) as mandated by current regulations like GDPR. Additionally, they will apply agile methodologies for efficient software development, using tools such as Jira and Git for project management and version control. This case study illustrates the importance of balancing functional requirements with ethical considerations, while leveraging best practices in software engineering.","PRAC,ETH"
Computer Science,CS 1114 – Intro to Software Design,"In this chapter, we explore the application of design patterns in real-world software development scenarios. For instance, the Singleton pattern ensures that a class has only one instance and provides a global point of access to it. This is crucial for resource management, such as database connections, where multiple instances could lead to inefficiencies or conflicts. By adhering to established best practices like those outlined by the Gang of Four in 'Design Patterns: Elements of Reusable Object-Oriented Software,' developers can ensure their code remains maintainable and scalable. Furthermore, integrating current tools and technologies, such as modern IDEs with built-in refactoring support, can significantly streamline the design process while maintaining professional standards.",PRAC
Computer Science,CS 1114 – Intro to Software Design,"In this chapter, we introduce the concept of abstraction in software design, which is a core theoretical principle (CON) that allows us to manage complexity by focusing on the essential features of a system while ignoring irrelevant details. We explore how this concept is applied through modular programming, where functions and classes are designed to encapsulate specific functionalities with well-defined interfaces. This approach not only simplifies code maintenance but also enhances reusability. For instance, consider designing a function `calculateArea` for a geometric shape class; the implementation would abstract away the complexities of different shapes' area calculations, ensuring that users can call this method without needing to understand the underlying mathematical formulas.","CON,PRO,PRAC"
Computer Science,CS 1114 – Intro to Software Design,"In software design, the concept of modularity is fundamental in ensuring that complex systems are manageable and maintainable. Each module should have a single responsibility and interact with others through well-defined interfaces. This approach not only enhances code readability but also facilitates testing and future modifications. However, achieving this modular architecture often requires careful planning and decomposition of requirements into smaller components. The principle of cohesion, where each module focuses on one aspect, must be balanced against the need for high coupling between modules to ensure effective communication. As software systems become increasingly complex, researchers continue to explore new techniques and methodologies to maintain these principles, highlighting areas such as microservices architecture as a modern approach to modular design.","CON,UNC"
Computer Science,CS 1114 – Intro to Software Design,"When approaching a software design problem, it's crucial to first break down the requirements into smaller, manageable components. This initial phase is where you identify the inputs and outputs of each module in your system, ensuring clarity on what needs to be achieved at every step. As you proceed with designing algorithms for these modules, consider using pseudocode or flowcharts to outline your logic before writing actual code. This helps in visualizing the solution path and identifying potential issues early on. Remember, the key is not just to write correct code but also to ensure it's maintainable and scalable.","PRO,META"
Computer Science,CS 1114 – Intro to Software Design,"In software design, a central theoretical principle is encapsulation, which allows for data abstraction and information hiding through object-oriented programming (OOP). This principle underpins the development of robust and maintainable software systems. For instance, by using classes and objects in OOP, developers can ensure that sensitive data remains private while still providing controlled access methods. This not only enhances security but also improves code modularity, making it easier to update or modify parts of the program without affecting others. Encapsulation thus bridges fundamental concepts with practical software development techniques.","CON,INTER"
Computer Science,CS 1114 – Intro to Software Design,"In this chapter, we explore real-world applications of software design principles through a case study on developing an e-commerce platform. You will learn about ethical considerations in data privacy and security when handling sensitive customer information. This includes understanding and implementing best practices such as encryption, secure coding standards, and compliance with GDPR regulations. Additionally, you'll examine how cloud computing technologies like AWS can be integrated to enhance scalability and performance while adhering to professional engineering standards.","PRAC,ETH,INTER"
Computer Science,CS 1114 – Intro to Software Design,"In this chapter, we will delve into the process of designing a software solution for a real-world problem: developing an application that tracks fitness goals. We begin by identifying user requirements and constraints, such as ensuring data privacy and real-time updates. This step-by-step approach is crucial for effective problem-solving in software design (PRO). The application will utilize modern technologies like React for the frontend and Node.js with Express for the backend, integrating a RESTful API to fetch user data from a PostgreSQL database (PRAC). You will learn how to implement this project by following best practices, including version control with Git, adhering to coding standards, and testing your application using Jest. This hands-on experience will prepare you to tackle complex software design challenges in real-world engineering projects.","PRO,PRAC"
Computer Science,CS 1114 – Intro to Software Design,"When designing a software solution, it's crucial to start with clear problem identification and definition. Begin by defining the scope of your project and understanding all requirements. Break down complex problems into smaller, manageable tasks. For instance, if you are tasked with developing an e-commerce platform, identify subproblems such as user authentication, product management, and payment processing. Use flowcharts or pseudocode to outline each step in the process. This helps visualize how data flows through the system. By systematically addressing these components, you ensure a structured approach that simplifies complex tasks into manageable steps.","PRO,META"
Computer Science,CS 1114 – Intro to Software Design,"In computer science, understanding the principles of algorithm design and analysis is crucial for developing efficient software solutions. A fundamental concept in this area is Big O notation, which provides a formalized way to describe an algorithm's performance based on input size. For instance, when evaluating two sorting algorithms—bubble sort (O(n^2)) and quicksort (O(n log n)), it becomes evident that quicksort generally performs better for large data sets due to its lower time complexity. This understanding is not only essential in the realm of software design but also intersects with mathematics and computer architecture, where performance optimization plays a critical role.","CON,INTER"
Computer Science,CS 1114 – Intro to Software Design,"When tackling a complex software design problem, it's crucial to adopt a systematic approach. Start by breaking down the problem into smaller, manageable parts and define clear objectives for each component. This modularization not only simplifies the task but also facilitates efficient debugging and testing. Additionally, always prioritize understanding the underlying principles before diving into implementation. For instance, in designing a data structure like a hash table, grasp the collision resolution strategies (open addressing or chaining) before you write any code. Such an approach ensures that your solutions are not just functional but also robust and maintainable.",META
Computer Science,CS 1114 – Intro to Software Design,"In this chapter, we will explore the practical application of software design principles in real-world contexts. For instance, consider a scenario where an e-commerce platform experiences high traffic during holiday sales periods. Understanding load balancing and distributed systems is crucial for ensuring that the website remains responsive under heavy loads. To address this issue, students learn to implement algorithms such as consistent hashing or round-robin distribution across multiple servers. Additionally, adhering to professional standards and best practices involves using tools like Docker for containerization and Kubernetes for orchestration, which not only enhance system reliability but also comply with industry norms in software deployment.","PRAC,ETH"
